Name ,Country Code,Phone,National ID,Limit
JumiaFoods112,+20,01127804579,1.23457E+17,4500
Konga456,+20,01127004780,1.23457E+17,4500
